,index,cluster,silhouette,name
0,38,0,0.20093324939989776,"['diabetes mellitus', 'obsolete impaired renal function disease', 'obesity', 'respiratory syncytial virus infectious disease']"
1,91,0,0.1716904000312487,"['respiratory syncytial virus infectious disease', 'hyperthyroidism']"
2,343,0,0.1646697972222623,"['diabetes mellitus', 'chronic obstructive pulmonary disease', 'larynx cancer', 'hypertension', 'respiratory syncytial virus infectious disease']"
3,188,0,0.15892663959964687,"['hypertension', 'obesity', 'asthma']"
4,216,0,0.15186086917235056,"['prostate cancer', 'respiratory syncytial virus infectious disease', 'deficiency anemia']"
5,237,0,0.14633073152884074,['stomach disease']
6,227,0,0.14615525234919477,"['diabetes mellitus', 'respiratory syncytial virus infectious disease', 'pharynx cancer', 'nicotine dependence']"
7,41,0,0.14585941752593154,"['cerebrovascular disease', 'respiratory syncytial virus infectious disease']"
8,225,0,0.14180999801506974,"['major depressive disorder', 'respiratory syncytial virus infectious disease', 'hypothyroidism']"
9,423,0,0.14180999801506974,"['diabetes mellitus', 'brain disease', 'epilepsy', 'hypertension']"
10,265,0,0.13825928652974262,['bronchitis']
11,387,0,0.13503612792842012,"['diabetes mellitus', 'psychotic disorder', 'liver disease', 'obesity']"
12,88,0,0.134139707518849,"['obsolete impaired renal function disease', 'respiratory syncytial virus infectious disease', 'asthma']"
13,9,0,0.02428269722851879,"['brain disease', 'respiratory syncytial virus infectious disease']"
14,1,0,0.023239116341522308,"['diabetes mellitus', 'respiratory syncytial virus infectious disease']"
15,115,0,0.022957371581947612,"['diabetes mellitus', 'respiratory syncytial virus infectious disease', 'dilated cardiomyopathy']"
16,382,0,0.022910068610368175,"['pulmonary emphysema', 'respiratory syncytial virus infectious disease', ""Alzheimer's disease""]"
17,234,0,0.021862054411195805,"['diabetes mellitus', 'hematopoietic system disease']"
18,205,0,0.021170551287552963,"['diabetes mellitus', 'coronary artery disease', 'respiratory syncytial virus infectious disease', 'rectal benign neoplasm']"
19,458,0,0.02001228374495724,"['diabetes mellitus', 'respiratory syncytial virus infectious disease', 'hypothyroidism', 'asthma']"
20,295,0,0.017485450023284322,"['obesity', 'respiratory syncytial virus infectious disease', 'endometriosis']"
21,355,0,0.017485450023284322,"['diabetes mellitus', 'major depressive disorder', 'obesity', 'respiratory syncytial virus infectious disease']"
22,386,0,0.017485450023284322,"['diabetes mellitus', 'chronic obstructive pulmonary disease', 'lipid metabolism disorder', 'respiratory syncytial virus infectious disease', 'hypothyroidism']"
23,242,0,0.01667002789768159,"['diabetes mellitus', 'lung disease', 'lipid metabolism disorder', 'lupus erythematosus', 'respiratory syncytial virus infectious disease']"
24,162,0,0.014650060658495232,"['acute myocardial infarction', 'pulmonary embolism', 'obesity', 'respiratory syncytial virus infectious disease']"
25,131,0,0.01261907177992603,"['diabetes mellitus', 'major depressive disorder']"
26,298,0,0.010653681384830836,"['diabetes mellitus', 'hypertension', 'respiratory syncytial virus infectious disease', 'hypothyroidism', 'congestive heart failure']"
27,347,0,0.008526236209293223,"['alcohol use disorder', 'tuberculosis', 'human immunodeficiency virus infectious disease', 'nicotine dependence']"
28,166,0,0.0066840929680399,"[""Sjogren's syndrome"", 'respiratory syncytial virus infectious disease']"
29,145,0,0.006213744050010911,['viral pneumonia']
30,315,0,0.006058078381019937,"['diabetes mellitus', 'schizophrenia', 'brain disease', 'respiratory syncytial virus infectious disease']"
31,151,0,0.005627619787719993,"['brain disease', 'obsolete impaired renal function disease', 'epilepsy', 'hypertension', 'respiratory syncytial virus infectious disease']"
32,321,0,0.004486866877538588,"['diabetes mellitus', 'prostate cancer', 'obesity', 'respiratory syncytial virus infectious disease']"
33,27,0,0.004234172342514997,"['diabetes mellitus', 'respiratory syncytial virus infectious disease', 'asthma']"
34,364,0,0.004234172342514997,"['diabetes mellitus', 'cerebrovascular disease', 'lung disease', 'respiratory syncytial virus infectious disease']"
35,405,0,0.004164811468332883,"['diabetes mellitus', 'liver disease', 'respiratory syncytial virus infectious disease', 'hypothyroidism']"
36,303,0,0.0038323937992442527,['liver cirrhosis']
37,434,0,0.003651687383699099,"['diabetes mellitus', 'obsolete impaired renal function disease', 'cerebrovascular disease', 'respiratory syncytial virus infectious disease', 'deficiency anemia']"
38,449,0,0.0029940119760478723,"['myelodysplastic syndrome', 'respiratory syncytial virus infectious disease', 'hypothyroidism']"
39,451,0,0.0010806276956701602,"['brain disease', 'immune system disease', 'respiratory syncytial virus infectious disease']"
40,262,0,0.00017734491729368376,"['diabetes mellitus', 'benign neoplasm']"
41,37,0,0.0,"['hypertension', 'obesity', 'respiratory syncytial virus infectious disease']"
42,80,0,0.0,['liver disease']
43,104,0,0.0,"['diabetes mellitus', 'hypothyroidism']"
44,117,0,0.0,"['bronchitis', 'respiratory syncytial virus infectious disease']"
45,124,0,0.0,"['diabetes mellitus', 'lipid metabolism disorder', 'obesity', 'respiratory syncytial virus infectious disease']"
46,175,0,0.0,"['neurofibromatosis', 'respiratory syncytial virus infectious disease']"
47,177,0,0.0,"['liver disease', 'immune system disease']"
48,213,0,0.0,"['liver disease', 'obesity', 'respiratory syncytial virus infectious disease', 'asthma']"
49,218,0,0.0,['cerebrovascular disease']
50,280,0,0.0,"['diabetes mellitus', 'atrial fibrillation', 'respiratory syncytial virus infectious disease']"
51,282,0,0.0,"['diabetes mellitus', 'liver disease']"
52,326,0,0.0,"['brain disease', 'hematopoietic system disease']"
53,344,0,0.0,"['chronic venous insufficiency', 'respiratory syncytial virus infectious disease', 'hypothyroidism']"
54,346,0,0.0,"['hypertension', 'respiratory syncytial virus infectious disease', 'congestive heart failure']"
55,371,0,0.0,"['diabetes mellitus', 'cerebrovascular disease', 'obesity', 'respiratory syncytial virus infectious disease', 'hypothyroidism']"
56,388,0,0.0,['hyperthyroidism']
57,441,0,0.0,"['diabetes mellitus', ""Parkinson's disease"", 'respiratory syncytial virus infectious disease', 'asthma']"
58,133,0,-3.0710532558029925e-05,"['diabetes mellitus', 'liver cirrhosis', 'respiratory syncytial virus infectious disease']"
59,228,0,-0.000566394529044663,"['diabetes mellitus', 'respiratory syncytial virus infectious disease', 'hyperthyroidism']"
60,19,0,-0.0007034237603863987,"['diabetes mellitus', 'lung disease', 'respiratory syncytial virus infectious disease']"
61,292,0,-0.0016670296888695367,['atrioventricular block']
62,328,0,-0.0020225027017351876,"['rectum cancer', 'immune system disease', 'respiratory syncytial virus infectious disease']"
63,158,0,-0.0020525721276375636,"['obsolete impaired renal function disease', 'respiratory syncytial virus infectious disease', 'congestive heart failure']"
64,15,0,-0.002425290925771178,['brain disease']
65,354,0,-0.002589250417582984,"['diabetes mellitus', 'respiratory syncytial virus infectious disease', 'respiratory system disease']"
66,360,0,-0.003223761215571733,"['brain disease', 'lung disease']"
67,172,0,-0.0038223384230769986,"['brain disease', 'major depressive disorder', 'respiratory syncytial virus infectious disease']"
68,271,0,-0.0038462580381382195,"['lung disease', 'hypertension']"
69,448,0,-0.0050964421679253755,"['myasthenia gravis', 'hypertension']"
70,438,0,-0.00509952102449601,"['diabetes mellitus', 'coronary artery disease']"
71,4,0,-0.005426404253604088,"['diabetes mellitus', 'obesity', 'respiratory syncytial virus infectious disease']"
72,103,0,-0.005702474041935468,"['gout', 'respiratory syncytial virus infectious disease']"
73,173,0,-0.005702474041935468,"['diabetes mellitus', 'generalized anxiety disorder', 'obesity', 'respiratory syncytial virus infectious disease']"
74,411,0,-0.005702474041935468,['fibromyalgia']
75,414,0,-0.005702474041935468,"['Meige syndrome', 'respiratory syncytial virus infectious disease']"
76,255,0,-0.0063925708829684885,"['lung cancer', 'respiratory syncytial virus infectious disease']"
77,86,0,-0.006760962533197726,"['lung disease', 'hypertension', 'respiratory syncytial virus infectious disease']"
78,125,0,-0.006772770121449605,"['major depressive disorder', 'respiratory syncytial virus infectious disease']"
79,243,0,-0.007118204766919514,"['breast cancer', 'respiratory syncytial virus infectious disease', 'bone cancer']"
80,126,0,-0.007684557529237858,"['diabetes mellitus', 'obsolete impaired renal function disease', 'endometrial cancer', 'obesity', 'respiratory syncytial virus infectious disease']"
81,334,0,-0.007859050678308012,"['coronary artery disease', 'retinal vein occlusion']"
82,13,0,-0.007892209031182268,"['lung disease', 'respiratory syncytial virus infectious disease']"
83,396,0,-0.008023983454496276,"['diabetes mellitus', 'cerebrovascular disease', 'hypertension', 'respiratory syncytial virus infectious disease', 'nicotine dependence']"
84,163,0,-0.008428421855338774,"['rectum cancer', 'immune system disease']"
85,36,0,-0.008928571428571397,"['diabetes mellitus', 'brain disease']"
86,244,0,-0.009208121958974358,['bone benign neoplasm']
87,273,0,-0.009716200559847213,"['hypertension', 'respiratory syncytial virus infectious disease', 'hypothyroidism']"
88,310,0,-0.010199798024696512,"['liver cirrhosis', 'colon cancer', 'respiratory syncytial virus infectious disease']"
89,98,0,-0.010815067046991748,"['diabetes mellitus', 'thyroid gland cancer', 'respiratory syncytial virus infectious disease']"
90,278,0,-0.011064446090645668,"['diabetes mellitus', 'obesity', 'respiratory syncytial virus infectious disease', 'hyperthyroidism']"
91,226,0,-0.011334689130394733,"['schizophrenia', 'respiratory syncytial virus infectious disease']"
92,398,0,-0.011597482586167305,"['diabetes mellitus', 'fatty liver disease', 'liver disease', 'respiratory syncytial virus infectious disease']"
93,436,0,-0.01185644793945336,['lupus erythematosus']
94,59,0,-0.011925638727522248,"['diabetes mellitus', 'acute myocardial infarction', 'respiratory syncytial virus infectious disease']"
95,0,0,-0.013106849195365835,['respiratory syncytial virus infectious disease']
96,45,0,-0.013806453604273461,"['obsolete impaired renal function disease', 'obesity', 'respiratory syncytial virus infectious disease']"
97,209,0,-0.01501457515806448,"['chronic obstructive pulmonary disease', 'nicotine dependence']"
98,363,0,-0.015537518203477747,"['diabetes mellitus', 'breast cancer', 'hypertension', 'respiratory syncytial virus infectious disease']"
99,165,0,-0.017241202060049688,"['diabetes mellitus', 'human immunodeficiency virus infectious disease', 'respiratory syncytial virus infectious disease']"
100,338,0,-0.01931698610290783,"['diabetes mellitus', 'major depressive disorder', 'hypertension']"
101,378,0,-0.01931698610290783,"['liver cirrhosis', 'esophageal varix']"
102,425,0,-0.01931698610290783,"['diabetes mellitus', ""Crohn's disease"", 'respiratory syncytial virus infectious disease', 'nicotine dependence']"
103,78,0,-0.020718621726282322,"['diabetes mellitus', 'lipid metabolism disorder', 'respiratory syncytial virus infectious disease']"
104,385,0,-0.022936733042857038,"['lung disease', 'rheumatoid arthritis', 'respiratory syncytial virus infectious disease']"
105,223,0,-0.02379502740561727,"['diabetes mellitus', 'hepatitis C', 'liver cirrhosis', 'transthyretin amyloidosis', 'respiratory syncytial virus infectious disease']"
106,48,0,-0.023929525388510058,"['dementia', 'respiratory syncytial virus infectious disease']"
107,253,0,-0.025561500343414,"['generalized anxiety disorder', 'respiratory syncytial virus infectious disease']"
108,43,0,-0.029490450880972668,"['diabetes mellitus', 'cerebrovascular disease', 'respiratory syncytial virus infectious disease']"
109,63,0,-0.032353082831544935,['prostate cancer']
110,318,0,-0.04255038638072377,"['Down syndrome', 'obesity']"
111,23,0,-0.048327731344595684,[]
112,192,0,-0.14138557111457717,"['diabetes mellitus', 'breast cancer', 'immune system disease', 'respiratory syncytial virus infectious disease']"
113,332,0,-0.1518471093735263,['prostatic adenoma']
114,289,0,-0.15782774788864248,"['diabetes mellitus', 'respiratory syncytial virus infectious disease', 'deficiency anemia', 'hypothyroidism']"
115,232,0,-0.16211782593826618,"['diabetes mellitus', 'obsolete impaired renal function disease', 'systemic lupus erythematosus', 'respiratory syncytial virus infectious disease']"
116,270,0,-0.16866945927237478,"['diabetes mellitus', 'major depressive disorder', 'respiratory syncytial virus infectious disease']"
117,157,0,-0.17334419325592962,"['chronic obstructive pulmonary disease', 'hypertension', 'respiratory syncytial virus infectious disease', 'nicotine dependence']"
118,53,0,-0.17484981199448604,"[""Alzheimer's disease""]"
119,272,0,-0.17553589783867546,"['systemic lupus erythematosus', 'immune system disease']"
120,269,0,-0.1774676374849768,['bacterial pneumonia']
121,260,0,-0.17794646708306477,"['diabetes mellitus', 'prostate cancer', 'respiratory syncytial virus infectious disease']"
122,401,0,-0.1802127134004358,"['epilepsy', 'respiratory syncytial virus infectious disease']"
123,284,0,-0.18408348374739444,"['alcohol use disorder', 'respiratory syncytial virus infectious disease', 'nicotine dependence']"
124,462,0,-0.18486103705868948,"['obsolete impaired renal function disease', 'urinary bladder cancer', 'generalized anxiety disorder', 'herpes zoster', 'respiratory syncytial virus infectious disease']"
125,299,0,-0.18825822800428366,['amyloidosis']
126,171,0,-0.1908800643358686,"['myeloproliferative neoplasm', 'obsolete impaired renal function disease', 'gout', 'respiratory syncytial virus infectious disease']"
127,264,0,-0.19105934078421985,"['diabetes mellitus', 'cancer']"
128,367,0,-0.19107361471800152,"['lipid metabolism disorder', 'hypertension', 'respiratory syncytial virus infectious disease']"
129,40,0,-0.1913770666536489,"['chronic obstructive pulmonary disease', 'respiratory syncytial virus infectious disease']"
130,357,0,-0.19722733430505596,"['diabetes mellitus', 'obesity', 'respiratory syncytial virus infectious disease', 'hypothyroidism']"
131,258,0,-0.1974423982149823,"['diabetes mellitus', 'brain disease', 'uterine cancer', 'respiratory syncytial virus infectious disease']"
132,274,0,-0.19901430350026905,"['diabetes mellitus', 'intestinal cancer', 'respiratory syncytial virus infectious disease']"
133,195,0,-0.202830701141923,"['diabetes mellitus', 'chronic obstructive pulmonary disease', 'respiratory syncytial virus infectious disease', 'congestive heart failure']"
134,47,0,-0.20286827895510604,"['obesity', 'asthma']"
135,241,0,-0.2043106379267556,"['diabetes mellitus', 'obsolete impaired renal function disease', 'hypertension', 'immune system disease', 'respiratory syncytial virus infectious disease']"
136,58,0,-0.20533383553159335,['deficiency anemia']
137,100,0,-0.20533383553159335,['intestinal cancer']
138,179,0,-0.20533383553159346,"['brain disease', 'dementia', 'cysticercosis']"
139,194,0,-0.2056534168499263,['alcohol use disorder']
140,68,0,-0.20602644664140998,"['diabetes mellitus', 'lung disease']"
141,17,0,-0.2105081058318829,['asthma']
142,220,0,-0.21285876188245695,"['osteoarthritis', 'respiratory syncytial virus infectious disease', 'nicotine dependence']"
143,184,0,-0.2129006703149297,"['diabetes mellitus', 'brain disease', 'respiratory syncytial virus infectious disease', 'hypothyroidism']"
144,442,0,-0.21386528167089863,"['diabetes mellitus', 'diabetic neuropathy', 'respiratory syncytial virus infectious disease']"
145,182,0,-0.2159714501682612,"['bladder benign neoplasm', 'respiratory syncytial virus infectious disease']"
146,61,0,-0.23203214392336544,"['diabetes mellitus', 'respiratory syncytial virus infectious disease', 'nicotine dependence']"
147,39,0,-0.23695116619073026,['major depressive disorder']
148,116,0,-0.24811394030737496,"['diabetes mellitus', 'umbilical hernia', 'respiratory syncytial virus infectious disease']"
149,314,0,-0.252737208380208,"['diabetes mellitus', 'lung disease', 'obesity', 'respiratory syncytial virus infectious disease', 'nicotine dependence']"
150,14,0,-0.26850521763334767,['obsolete impaired renal function disease']
151,110,0,-0.27770342791587016,"['alcohol use disorder', 'respiratory syncytial virus infectious disease']"
152,322,0,-0.2919352672641471,"['diabetes mellitus', 'lung disease', 'respiratory syncytial virus infectious disease', 'asthma']"
153,416,0,-0.30193058939557704,"['hypertension', 'immune system disease', 'respiratory syncytial virus infectious disease']"
154,25,0,-0.3138603964517261,['hypothyroidism']
155,391,0,-0.31698955893187203,"['hypertension', 'respiratory syncytial virus infectious disease', 'asthma']"
156,236,0,-0.31744830087243225,"['diabetes mellitus', 'bipolar disorder']"
157,447,0,-0.32879547471793696,"[""Parkinson's disease"", 'congestive heart failure']"
158,107,0,-0.3329390179116454,"['chronic obstructive pulmonary disease', 'obesity']"
159,75,0,-0.3550497147520835,"['obesity', 'hypothyroidism']"
160,324,0,-0.3592747378727747,"['rheumatoid arthritis', 'obesity', 'respiratory syncytial virus infectious disease']"
161,186,0,-0.36433585124515416,"['major depressive disorder', 'immune system disease', 'obesity', 'respiratory syncytial virus infectious disease']"
162,464,0,-0.36537925528448784,"['diabetes mellitus', 'acute myocardial infarction', 'hypertension', 'respiratory syncytial virus infectious disease']"
163,161,0,-0.3765537340391769,"['diabetes mellitus', 'generalized anxiety disorder', 'respiratory syncytial virus infectious disease']"
164,138,0,-0.3778724726112143,"['diabetes mellitus', 'respiratory syncytial virus infectious disease', 'benign neoplasm']"
165,56,0,-0.38393055423459765,"['obsolete impaired renal function disease', 'hypertension', 'respiratory syncytial virus infectious disease']"
166,74,0,-0.43424649627507755,"['diabetes mellitus', 'obsolete impaired renal function disease', 'hypertension']"
167,70,0,-0.4455674595579778,"['diabetes mellitus', 'obsolete impaired renal function disease', 'hypertension', 'respiratory syncytial virus infectious disease']"
168,7,1,0.452408320516088,"['diabetes mellitus', 'hypertension']"
169,28,1,0.41812698927531416,"['lipid metabolism disorder', 'respiratory syncytial virus infectious disease']"
170,290,1,0.3585365406216704,"['diabetes mellitus', 'brain disease', ""Parkinson's disease"", 'respiratory syncytial virus infectious disease']"
171,16,1,0.3469270336174691,"['diabetes mellitus', 'brain disease', 'respiratory syncytial virus infectious disease']"
172,3,1,0.33682492851878404,['diabetes mellitus']
173,233,1,0.3358124816460958,"['diabetes mellitus', 'liver disease', 'atherosclerosis', 'hypertension', 'respiratory syncytial virus infectious disease', 'liver cancer']"
174,456,1,0.3315047180661426,"['chronic obstructive pulmonary disease', 'hypertension']"
175,139,1,0.32922641030463823,"['diabetes mellitus', 'chronic obstructive pulmonary disease', 'respiratory syncytial virus infectious disease', 'asthma']"
176,392,1,0.32832933467594483,"['cervical cancer', 'acute kidney failure', 'respiratory syncytial virus infectious disease']"
177,276,1,0.32699941396387766,"['diabetes mellitus', 'liver disease', 'lung disease']"
178,286,1,0.3265170126700999,"['diabetes mellitus', 'lung disease', 'obesity']"
179,349,1,0.32647094726807896,"['brain disease', 'immune system disease']"
180,229,1,0.3262589498319624,"['diabetes mellitus', 'cerebrovascular disease', 'obesity', 'respiratory syncytial virus infectious disease']"
181,105,1,0.32550239701686745,"[""Parkinson's disease"", 'respiratory syncytial virus infectious disease']"
182,351,1,0.3243461889871101,"['brain disease', 'hypothyroidism']"
183,5,1,0.32327724222303006,['hypertension']
184,235,1,0.3226963160228693,"['oropharynx cancer', 'respiratory syncytial virus infectious disease']"
185,421,1,0.3226963160228693,"['psychotic disorder', 'generalized anxiety disorder']"
186,359,1,0.32269631602286925,"['brain disease', 'cerebrovascular disease', 'Down syndrome', 'respiratory syncytial virus infectious disease']"
187,150,1,0.3224992936344766,['arthritis']
188,51,1,0.322284458858459,"['hypertension', 'obesity']"
189,140,1,0.322284458858459,"['hypertension', 'immune system disease']"
190,193,1,0.322284458858459,"['diabetes mellitus', 'brain disease', 'respiratory syncytial virus infectious disease', 'asthma']"
191,200,1,0.322284458858459,"['diabetes mellitus', 'breast cancer', 'obesity', 'respiratory syncytial virus infectious disease']"
192,211,1,0.322284458858459,"['diabetes mellitus', 'lipid metabolism disorder', 'respiratory syncytial virus infectious disease', 'hyperthyroidism']"
193,230,1,0.322284458858459,"['brain disease', 'respiratory syncytial virus infectious disease', 'nicotine dependence']"
194,301,1,0.322284458858459,"['laryngeal benign neoplasm', 'respiratory syncytial virus infectious disease']"
195,306,1,0.322284458858459,"['diabetes mellitus', 'acute kidney failure', 'obesity', 'respiratory syncytial virus infectious disease']"
196,339,1,0.322284458858459,['bipolar disorder']
197,384,1,0.3222844588584589,"['urinary bladder cancer', 'immune system disease', 'respiratory syncytial virus infectious disease']"
198,463,1,0.3222844588584589,"['obsolete impaired renal function disease', 'human immunodeficiency virus infectious disease', 'immune system disease']"
199,325,1,0.32187993510707863,['epilepsy']
200,356,1,0.32083509992110754,"['alcohol use disorder', 'acute kidney failure', 'respiratory syncytial virus infectious disease']"
201,219,1,0.3201631292575968,"['brain disease', 'obsolete impaired renal function disease', 'immune system disease', 'respiratory syncytial virus infectious disease']"
202,187,1,0.3197695504851604,"['respiratory syncytial virus infectious disease', 'benign neoplasm']"
203,90,1,0.3190354711764851,"['acute myocardial infarction', 'respiratory syncytial virus infectious disease']"
204,44,1,0.31871317033403473,"['breast cancer', 'respiratory syncytial virus infectious disease']"
205,52,1,0.3187131703340346,"['respiratory syncytial virus infectious disease', 'congestive heart failure']"
206,251,1,0.3187131703340346,"['abdominal aortic aneurysm', 'respiratory syncytial virus infectious disease']"
207,379,1,0.3187131703340345,"['diabetes mellitus', 'chronic venous insufficiency', 'respiratory syncytial virus infectious disease', 'dilated cardiomyopathy']"
208,66,1,0.3178046614427202,['chronic obstructive pulmonary disease']
209,99,1,0.31662279176419633,"['diabetes mellitus', 'coronary artery disease', 'respiratory syncytial virus infectious disease']"
210,296,1,0.31643499413257586,"['liver disease', 'human immunodeficiency virus infectious disease', 'hypertension', 'immune system disease', 'obesity', 'respiratory syncytial virus infectious disease', 'hypothyroidism', 'asthma']"
211,393,1,0.3161650861864182,"['respiratory syncytial virus infectious disease', 'pancreatic cancer']"
212,87,1,0.31353557273437993,"['alcohol use disorder', 'nicotine dependence']"
213,259,1,0.30788815094800515,"['diabetes mellitus', 'hypertension', 'asthma']"
214,377,1,0.3004360319105733,"['diabetes mellitus', 'thalassemia']"
215,127,1,0.2953590721302189,"['diabetes mellitus', 'liver disease', 'immune system disease']"
216,266,1,0.28927637364669523,"['diabetes mellitus', 'immune system disease', 'obesity', 'respiratory syncytial virus infectious disease']"
217,119,1,0.2885908873324395,"['pulmonary emphysema', 'respiratory syncytial virus infectious disease']"
218,198,1,0.28785610034124526,"['neurodegenerative disease', 'respiratory syncytial virus infectious disease']"
219,11,1,0.2851846098923062,"['diabetes mellitus', 'hypertension', 'respiratory syncytial virus infectious disease']"
220,170,1,0.2840214425159721,"['diabetes mellitus', 'respiratory syncytial virus infectious disease', 'congestive heart failure', 'asthma']"
221,257,1,0.2838363549224597,"['brain angioma', 'breast cancer']"
222,183,1,0.2836787846502667,"['diabetes mellitus', 'obsolete impaired renal function disease', 'hypertension', 'obesity']"
223,156,1,0.28158575305545297,"['diabetes mellitus', 'psoriasis', 'respiratory syncytial virus infectious disease']"
224,409,1,0.28087392390112986,"['brain disease', 'cerebrovascular disease', 'hypertension', 'respiratory syncytial virus infectious disease']"
225,432,1,0.28034131791265593,"['non-Hodgkin lymphoma', 'respiratory syncytial virus infectious disease']"
226,361,1,0.2803413179126558,"['bronchitis', 'lung disease', 'respiratory syncytial virus infectious disease']"
227,304,1,0.2802098455067951,"['diabetes mellitus', 'fatty liver disease', 'obesity', 'respiratory syncytial virus infectious disease']"
228,279,1,0.27991720471886616,"['breast cancer', 'respiratory syncytial virus infectious disease', 'cancer']"
229,281,1,0.2785248115146586,"['lung disease', 'respiratory system disease']"
230,348,1,0.27754163314353886,"['diabetes mellitus', 'obsolete impaired renal function disease', 'hematopoietic system disease', 'respiratory syncytial virus infectious disease']"
231,417,1,0.27754163314353886,"['diabetes mellitus', 'hepatic encephalopathy', 'liver disease', 'dementia', 'respiratory syncytial virus infectious disease']"
232,372,1,0.27666119330933947,"['lung disease', 'obesity']"
233,204,1,0.27344287181429106,"['pneumonia', 'respiratory syncytial virus infectious disease']"
234,18,1,0.27303553041927897,"['respiratory syncytial virus infectious disease', 'asthma']"
235,453,1,0.27293646426236895,"['diabetes mellitus', 'prostatic adenoma', 'respiratory syncytial virus infectious disease']"
236,340,1,0.272498331233953,"['respiratory syncytial virus infectious disease', 'cancer']"
237,231,1,0.27241175144933305,"['Guillain-Barre syndrome', 'respiratory syncytial virus infectious disease']"
238,375,1,0.27241175144933305,"['psoriasis', 'skin cancer', 'immune system disease']"
239,402,1,0.2709206079409756,['hydrocephalus']
240,97,1,0.2707733874868481,"['diabetes mellitus', 'brain disease', 'obesity', 'respiratory syncytial virus infectious disease']"
241,437,1,0.2701068671793656,"['lung disease', 'hypertension', 'respiratory syncytial virus infectious disease', 'asthma']"
242,353,1,0.2698102727298454,"['neurogenic bladder', 'respiratory syncytial virus infectious disease', 'diverticulitis']"
243,288,1,0.2695493101505231,"['diabetes mellitus', 'colon cancer', 'respiratory syncytial virus infectious disease', 'hypothyroidism']"
244,368,1,0.26770374345102965,"['brain disease', 'rheumatoid arthritis', 'non-Hodgkin lymphoma', 'respiratory syncytial virus infectious disease']"
245,164,1,0.2669069373329312,"['prostate cancer', 'respiratory syncytial virus infectious disease', 'bone cancer']"
246,433,1,0.26682265605797456,"['pulmonary embolism', 'hypertension', 'respiratory syncytial virus infectious disease']"
247,92,1,0.2661180163831027,"['chronic venous insufficiency', 'respiratory syncytial virus infectious disease']"
248,197,1,0.26564151442724004,"['diabetes mellitus', 'liver disease', 'lung disease', 'respiratory syncytial virus infectious disease']"
249,191,1,0.26557181580786643,"[""Parkinson's disease""]"
250,308,1,0.2644853065816293,['testicular cancer']
251,454,1,0.26324972120610124,"['bladder benign neoplasm', 'immune system disease', 'obesity', 'respiratory syncytial virus infectious disease']"
252,450,1,0.2623212650667435,"['diabetes mellitus', 'obsolete impaired renal function disease', 'lung disease', 'obesity', 'respiratory syncytial virus infectious disease', 'hypothyroidism', 'asthma']"
253,369,1,0.2616554137395066,"['gastritis', 'hypertension', 'respiratory syncytial virus infectious disease']"
254,123,1,0.2611034941104986,"['Down syndrome', 'hypertension']"
255,383,1,0.25968867597302936,"['diabetes mellitus', 'hypertension', 'obesity', 'respiratory syncytial virus infectious disease', 'congestive heart failure']"
256,319,1,0.2583985784516662,"['lung disease', 'alcohol use disorder', 'respiratory syncytial virus infectious disease', 'congestive heart failure', 'nicotine dependence']"
257,122,1,0.2572484914805403,['squamous cell carcinoma']
258,114,1,0.2558420403882292,"['diabetes mellitus', 'immune system disease']"
259,71,1,0.25523393546911527,"['diabetes mellitus', 'respiratory syncytial virus infectious disease', ""Alzheimer's disease""]"
260,136,1,0.2550939923131626,"['diabetes mellitus', 'transient cerebral ischemia', 'respiratory syncytial virus infectious disease']"
261,336,1,0.2546804535706091,"['osteoarthritis', 'respiratory syncytial virus infectious disease', 'hypothyroidism']"
262,254,1,0.2544130075775061,['generalized anxiety disorder']
263,358,1,0.2522775803791292,"['rhinitis', 'sinusitis']"
264,404,1,0.25215668290280535,['acute pancreatitis']
265,121,1,0.25215649546039515,"['fibromyalgia', 'respiratory syncytial virus infectious disease']"
266,309,1,0.25127140707782386,"['obsolete impaired renal function disease', 'hematopoietic system disease', 'myelodysplastic syndrome', 'hypothyroidism']"
267,120,1,0.25059682913847525,"['vascular myelopathy', 'respiratory syncytial virus infectious disease']"
268,263,1,0.25008860230766905,"['diabetes mellitus', 'obsolete impaired renal function disease', 'lung cancer', 'immune system disease', 'respiratory syncytial virus infectious disease', 'hypothyroidism']"
269,214,1,0.2497318489422555,"['respiratory syncytial virus infectious disease', 'auditory system disease']"
270,146,1,0.24956079197396874,"['fibromyalgia', 'hematopoietic system disease', 'nephritis']"
271,152,1,0.24895086008779568,"['uterine cancer', 'immune system disease', 'obesity', 'respiratory syncytial virus infectious disease']"
272,190,1,0.2466796770532878,"['Budd-Chiari syndrome', 'respiratory syncytial virus infectious disease']"
273,431,1,0.2466796770532878,"['brain disease', 'obsolete impaired renal function disease', 'respiratory syncytial virus infectious disease']"
274,444,1,0.24598513130791283,"['lung disease', 'pulmonary emphysema', 'respiratory syncytial virus infectious disease']"
275,178,1,0.23834538701607333,"['multiple myeloma', 'respiratory syncytial virus infectious disease']"
276,335,1,0.23172590196417728,"['diabetes mellitus', 'oropharynx cancer', 'respiratory syncytial virus infectious disease']"
277,443,1,0.23090670150206366,"['lung disease', 'respiratory syncytial virus infectious disease', 'deficiency anemia']"
278,429,1,0.22835610062418166,"['hypertension', 'respiratory syncytial virus infectious disease', 'cancer']"
279,435,1,0.22665220093931437,['anorexia nervosa']
280,246,1,0.22443745677730143,"['respiratory syncytial virus infectious disease', 'small intestine benign neoplasm']"
281,390,1,0.2243226645085408,"['obsolete impaired renal function disease', 'immune system disease']"
282,277,1,0.20509423682327615,"['obsolete impaired renal function disease', 'hematopoietic system disease', 'immune system disease']"
283,128,1,0.19980203116584402,"['diabetes mellitus', 'Down syndrome', 'respiratory syncytial virus infectious disease', 'hypothyroidism']"
284,374,1,0.19674689727147365,"['schizophrenia', 'brain disease']"
285,2,2,0.3675012561182687,"['obesity', 'respiratory syncytial virus infectious disease']"
286,62,2,0.24918089609890962,"['obesity', 'respiratory syncytial virus infectious disease', 'hypothyroidism']"
287,35,2,0.2444317964605377,['benign neoplasm']
288,29,2,0.23726192502429255,"['diabetes mellitus', 'obesity']"
289,202,2,0.22921704227565923,"['brain disease', 'asthma']"
290,189,2,0.2243717727942565,"['trigeminal nerve disease', 'obesity', 'respiratory syncytial virus infectious disease']"
291,32,2,0.22210415655056515,['hematopoietic system disease']
292,268,2,0.22097923078242143,['inguinal hernia']
293,95,2,0.2195884871485522,"['diabetes mellitus', 'hypertension', 'respiratory syncytial virus infectious disease', 'hypothyroidism']"
294,180,2,0.21894764838631217,"['diabetes mellitus', 'chronic obstructive pulmonary disease', 'respiratory syncytial virus infectious disease']"
295,201,2,0.21791960705512586,"['urinary system cancer', 'respiratory syncytial virus infectious disease', ""Alzheimer's disease""]"
296,341,2,0.2161750233897534,['thrombophilia']
297,147,2,0.21500021231273952,"['diabetes mellitus', 'obsolete impaired renal function disease', 'uterine benign neoplasm', 'respiratory syncytial virus infectious disease']"
298,69,2,0.2148052015028482,"['diabetes mellitus', 'hematopoietic system disease', 'respiratory syncytial virus infectious disease']"
299,102,2,0.2148052015028482,"['diabetes mellitus', 'lung disease', 'immune system disease', 'respiratory syncytial virus infectious disease']"
300,109,2,0.2148052015028482,"['respiratory syncytial virus infectious disease', 'deficiency anemia']"
301,149,2,0.2148052015028482,"['atrial fibrillation', 'lipid metabolism disorder', 'obesity', 'respiratory syncytial virus infectious disease', 'asthma']"
302,159,2,0.2148052015028482,"['diabetes mellitus', 'lung disease', 'hypertension']"
303,203,2,0.2148052015028482,"['diabetes mellitus', 'brain disease', 'respiratory syncytial virus infectious disease', ""Alzheimer's disease""]"
304,207,2,0.2148052015028482,"['lung disease', 'respiratory syncytial virus infectious disease', 'nicotine dependence']"
305,238,2,0.21480520150284807,['human immunodeficiency virus infectious disease']
306,239,2,0.21480520150284807,['bone cancer']
307,261,2,0.21480520150284807,"['vagina leiomyoma', 'immune system disease']"
308,267,2,0.21480520150284807,"['gastroesophageal reflux disease', 'respiratory syncytial virus infectious disease']"
309,283,2,0.21480520150284807,"['bone marrow cancer', 'immune system disease', 'respiratory syncytial virus infectious disease']"
310,291,2,0.21480520150284807,"['diabetes mellitus', 'liver disease', 'respiratory syncytial virus infectious disease', 'liver cancer']"
311,293,2,0.21480520150284807,"['lung disease', 'hypertension', 'obesity']"
312,302,2,0.21480520150284807,"['hypertension', 'labyrinthitis', 'respiratory syncytial virus infectious disease']"
313,311,2,0.21480520150284807,"['chronic obstructive pulmonary disease', 'hypertension', 'respiratory syncytial virus infectious disease', 'dilated cardiomyopathy']"
314,323,2,0.21480520150284807,"['lung disease', 'lung cancer', 'respiratory syncytial virus infectious disease']"
315,327,2,0.21480520150284807,"['colon cancer', 'respiratory syncytial virus infectious disease']"
316,329,2,0.21480520150284807,"['brain disease', 'hypertension']"
317,331,2,0.21480520150284807,"['respiratory syncytial virus infectious disease', 'liver carcinoma']"
318,333,2,0.21480520150284807,"['hypertension', 'respiratory syncytial virus infectious disease', 'esophageal cancer']"
319,365,2,0.21480520150284807,"['diabetes mellitus', 'respiratory syncytial virus infectious disease', 'auditory system disease']"
320,366,2,0.21480520150284807,"['osteoporosis', 'respiratory syncytial virus infectious disease']"
321,370,2,0.21480520150284807,"['obsolete impaired renal function disease', 'hypertension', 'obesity', 'respiratory syncytial virus infectious disease']"
322,403,2,0.21480520150284807,"['diabetes mellitus', 'obsolete impaired renal function disease', ""Parkinson's disease"", 'respiratory syncytial virus infectious disease']"
323,408,2,0.21480520150284807,"['diabetes mellitus', 'hypertension', 'hypothyroidism']"
324,418,2,0.21480520150284807,"['brain disease', 'dementia']"
325,440,2,0.21480520150284807,"['thrombophilia', 'asthma']"
326,33,2,0.2147523585973201,"['diabetes mellitus', 'immune system disease', 'respiratory syncytial virus infectious disease']"
327,85,2,0.21466606067757915,['myeloid neoplasm']
328,427,2,0.21456067229568074,"['diabetes mellitus', 'colon cancer', 'respiratory syncytial virus infectious disease']"
329,174,2,0.21356749370149672,"['immune system disease', 'esophageal cancer']"
330,108,2,0.21345500671652495,"['diabetes mellitus', 'Down syndrome', 'respiratory syncytial virus infectious disease']"
331,362,2,0.21283117251159145,"['fibromyalgia', 'lung disease', 'obesity', 'respiratory syncytial virus infectious disease', 'deficiency anemia', 'hypothyroidism']"
332,130,2,0.2121961594300514,"['lung disease', 'obesity', 'respiratory syncytial virus infectious disease']"
333,155,2,0.21212649077929893,"['infective endocarditis', 'respiratory syncytial virus infectious disease']"
334,94,2,0.21154925042145137,"['lung disease', 'immune system disease']"
335,422,2,0.2113708159970852,"['diabetes mellitus', 'dementia', 'respiratory syncytial virus infectious disease']"
336,167,2,0.21083682951604651,['myelodysplastic syndrome']
337,307,2,0.2108368295160465,"['diabetes mellitus', 'prostatic adenoma', 'major depressive disorder', 'respiratory syncytial virus infectious disease']"
338,394,2,0.21083682951604635,"['uterine corpus leiomyomatosis', 'respiratory syncytial virus infectious disease']"
339,415,2,0.21083682951604635,"['diabetes mellitus', 'obsolete impaired renal function disease', 'coronary artery disease', 'respiratory syncytial virus infectious disease']"
340,113,2,0.21051722524814453,"['lung disease', 'immune system disease', 'respiratory syncytial virus infectious disease']"
341,73,2,0.20969520812944467,"['cerebrovascular disease', 'hypertension', 'respiratory syncytial virus infectious disease']"
342,82,2,0.20862574148261964,['pneumonia']
343,10,2,0.2073805147700028,"['obsolete impaired renal function disease', 'respiratory syncytial virus infectious disease']"
344,8,2,0.2073675648486361,['obesity']
345,57,2,0.207367564848636,"['diabetes mellitus', 'obsolete impaired renal function disease', 'lung disease', 'respiratory syncytial virus infectious disease']"
346,373,2,0.20736756484863597,"['brain disease', 'hypertension', 'respiratory syncytial virus infectious disease', ""Alzheimer's disease""]"
347,316,2,0.20592159804479993,"['hematopoietic system disease', 'lymphoma']"
348,400,2,0.20569324470918027,"['lung cancer', 'bone cancer']"
349,83,2,0.20562306054659696,"['lung disease', 'chronic obstructive pulmonary disease', 'respiratory syncytial virus infectious disease']"
350,34,2,0.20423861589564074,"['respiratory syncytial virus infectious disease', 'nicotine dependence']"
351,64,2,0.20240888660993375,"['diabetes mellitus', 'brain disease', 'obsolete impaired renal function disease', 'respiratory syncytial virus infectious disease']"
352,419,2,0.20208977003696404,"['breast benign neoplasm', 'immune system disease']"
353,31,2,0.20141735033245464,"['brain disease', 'lung disease', 'respiratory syncytial virus infectious disease']"
354,199,2,0.1960434514746836,"['diabetes mellitus', 'obsolete impaired renal function disease', 'larynx cancer', 'respiratory syncytial virus infectious disease', 'nicotine dependence']"
355,24,2,0.19563602669686742,"['diabetes mellitus', 'respiratory syncytial virus infectious disease', 'hypothyroidism']"
356,67,2,0.19353528362626837,"['brain disease', 'hypertension', 'respiratory syncytial virus infectious disease']"
357,60,2,0.1924462017428798,['lipid metabolism disorder']
358,287,2,0.19182259349675246,"['lung disease', 'chronic obstructive pulmonary disease', 'respiratory syncytial virus infectious disease', 'nicotine dependence']"
359,439,2,0.19164658259689307,"['stomach disease', 'respiratory syncytial virus infectious disease']"
360,247,2,0.19095848326288492,"['diabetes mellitus', 'prostate cancer', 'respiratory syncytial virus infectious disease', 'congestive heart failure']"
361,196,2,0.19082031691588391,['glaucoma']
362,77,2,0.18997429689497608,"['hematopoietic system disease', 'respiratory syncytial virus infectious disease']"
363,221,2,0.18988540712313334,"['lung disease', 'pleural empyema']"
364,212,2,0.1880828893947861,"['major depressive disorder', 'panic disorder']"
365,426,2,0.18740184262895335,"['hypertension', ""Alzheimer's disease""]"
366,135,2,0.18683944592701054,"['lung disease', 'melanoma']"
367,210,2,0.1841602007708561,"['respiratory syncytial virus infectious disease', 'hypothyroidism', 'asthma']"
368,215,2,0.1841602007708561,"['diabetes mellitus', 'gout', 'respiratory syncytial virus infectious disease']"
369,342,2,0.18364003730282066,"['chronic obstructive pulmonary disease', 'respiratory syncytial virus infectious disease', 'nicotine dependence']"
370,399,2,0.180715825666811,"['brain disease', 'dementia', 'hypertension', 'respiratory syncytial virus infectious disease']"
371,26,2,0.1803311485326433,['immune system disease']
372,459,2,0.17971553890641953,"['diabetes mellitus', 'chronic kidney disease', 'respiratory syncytial virus infectious disease']"
373,84,2,0.1782261687839532,"['breast cancer', 'immune system disease']"
374,452,2,0.1773968711210569,"['prostate cancer', 'hypertension', 'respiratory syncytial virus infectious disease']"
375,350,2,0.17689967610109045,"['respiratory syncytial virus infectious disease', 'dilated cardiomyopathy']"
376,12,2,0.1761550114890364,"['diabetes mellitus', 'obsolete impaired renal function disease', 'respiratory syncytial virus infectious disease']"
377,181,2,0.17315972939870813,"['diabetes mellitus', 'hematopoietic system disease', 'hypertension', 'respiratory syncytial virus infectious disease']"
378,137,2,0.172816423099394,"['diabetes mellitus', 'Down syndrome']"
379,445,2,0.1719926223393942,['diffuse large B-cell lymphoma']
380,248,2,0.17091955400613093,"['diabetes mellitus', 'asthma']"
381,89,2,0.17084658090987564,"['brain disease', ""Alzheimer's disease""]"
382,250,2,0.16939019942626954,"['lung disease', 'chronic obstructive pulmonary disease', 'hypertension', 'respiratory syncytial virus infectious disease']"
383,380,2,0.16892841549948107,"['bronchitis', 'obesity']"
384,446,2,0.16865929239155505,"['hypertension', 'benign neoplasm']"
385,129,2,0.1680497132218912,"['obsolete impaired renal function disease', 'IgA glomerulonephritis']"
386,376,2,0.16804971322189105,"['diabetes mellitus', 'schizophrenia', 'hypertension']"
387,240,2,0.16667819277706053,"['brain disease', 'osteoarthritis', 'respiratory syncytial virus infectious disease']"
388,294,2,0.16606233241256518,"['diabetes mellitus', 'brain disease', 'dementia', 'respiratory syncytial virus infectious disease']"
389,410,2,0.16527756939888846,"['respiratory syncytial virus infectious disease', 'brain cancer']"
390,42,2,0.16402909306546876,"['liver disease', 'respiratory syncytial virus infectious disease']"
391,50,2,0.1630651376719826,"['diabetes mellitus', 'respiratory syncytial virus infectious disease', 'congestive heart failure']"
392,406,2,0.16125658665556852,"['diabetes mellitus', 'liver cirrhosis', 'liver disease', 'asthma']"
393,65,2,0.15942515424880738,"['diabetes mellitus', 'obesity', 'respiratory syncytial virus infectious disease', 'asthma']"
394,21,2,0.15826425999688457,"['immune system disease', 'respiratory syncytial virus infectious disease']"
395,224,2,0.1565500792217571,"['salivary gland cancer', 'hypertension']"
396,208,2,0.15635832774677128,"['lung disease', 'alcohol use disorder', 'respiratory syncytial virus infectious disease', 'nicotine dependence']"
397,143,2,0.15477866555234646,"['obsolete impaired renal function disease', 'lung disease', 'respiratory syncytial virus infectious disease']"
398,430,2,0.15167359200955505,"['diabetes mellitus', 'obsolete impaired renal function disease', 'respiratory syncytial virus infectious disease', 'congestive heart failure']"
399,144,2,0.14970534393346702,"['cerebral palsy', 'respiratory syncytial virus infectious disease']"
400,300,2,0.1471244154683448,['pancreatic cancer']
401,413,2,0.14710053135789014,"['brain disease', 'obsolete impaired renal function disease', 'hypertension', 'respiratory syncytial virus infectious disease']"
402,79,2,0.14131687586126201,"['diabetes mellitus', 'hypertension', 'obesity']"
403,397,2,0.1378828570274731,"['bipolar disorder', 'obesity', 'respiratory syncytial virus infectious disease', 'hypothyroidism']"
404,312,2,0.13509963300834144,"['diabetes mellitus', 'obsolete impaired renal function disease', 'cerebrovascular disease', 'respiratory syncytial virus infectious disease']"
405,305,2,0.1262891981247143,"['prostatic adenoma', 'respiratory syncytial virus infectious disease']"
406,457,2,0.12602572234376405,"['brain disease', 'leukemia', 'respiratory syncytial virus infectious disease']"
407,206,2,0.1123275388722469,"['diabetes mellitus', 'hypertension', ""Alzheimer's disease""]"
408,154,2,0.10869367239361524,"['sleep apnea', 'obesity', 'respiratory syncytial virus infectious disease', 'hypothyroidism']"
409,6,3,0.5343609072701715,"['hypertension', 'respiratory syncytial virus infectious disease']"
410,169,3,0.40975965399933695,"['breast cancer', 'hypertension', 'immune system disease', 'respiratory syncytial virus infectious disease']"
411,101,3,0.3979435536009075,"['brain angioma', 'respiratory syncytial virus infectious disease']"
412,54,3,0.39408543511293204,"['diabetes mellitus', 'liver disease', 'respiratory syncytial virus infectious disease']"
413,252,3,0.3843685904346457,['breast benign neoplasm']
414,22,3,0.380789981361494,['lung disease']
415,345,3,0.3794691670157444,"['diabetes mellitus', 'lipid metabolism disorder', 'major depressive disorder', 'respiratory syncytial virus infectious disease']"
416,148,3,0.3749147097075548,"['immune system disease', 'obesity', 'respiratory syncytial virus infectious disease']"
417,106,3,0.36646661782679846,['breast cancer']
418,185,3,0.3104481801854553,"['diabetes mellitus', 'prostate cancer', 'immune system disease', 'respiratory syncytial virus infectious disease']"
419,132,3,0.3036028980719329,"['brain disease', 'Down syndrome', 'respiratory syncytial virus infectious disease']"
420,111,3,0.28605295765143757,"['diabetes mellitus', 'lung cancer', 'respiratory syncytial virus infectious disease']"
421,455,3,0.2824509093157989,"['panic disorder', 'respiratory syncytial virus infectious disease']"
422,424,3,0.2788229567558993,"['diabetes mellitus', 'cerebrovascular disease', 'acute myocardial infarction', 'respiratory syncytial virus infectious disease']"
423,352,3,0.27597715472945983,['nicotine dependence']
424,112,3,0.273871755053516,"['diabetes mellitus', ""Alzheimer's disease""]"
425,275,3,0.273871755053516,"['diabetes mellitus', 'liver cirrhosis', 'liver disease']"
426,313,3,0.273871755053516,"['liver disease', 'prostatic adenoma', 'respiratory syncytial virus infectious disease', 'cholelithiasis']"
427,134,3,0.2680257027216287,"['brain disease', ""Parkinson's disease"", 'respiratory syncytial virus infectious disease']"
428,30,3,0.2586192047179158,"['diabetes mellitus', 'hypertension', 'obesity', 'respiratory syncytial virus infectious disease']"
429,256,3,0.2507518748948404,['tuberculosis']
430,461,3,0.2507518748948404,"['obsolete impaired renal function disease', 'immune system disease', 'respiratory syncytial virus infectious disease']"
431,20,3,0.24847867742454907,"['respiratory syncytial virus infectious disease', 'hypothyroidism']"
432,395,3,0.24719471450536531,"['hypertension', 'congestive heart failure']"
433,297,3,0.2282350316340528,"['respiratory syncytial virus infectious disease', 'congenital muscular dystrophy']"
434,317,3,0.2263189921141719,"['glaucoma', 'respiratory syncytial virus infectious disease']"
435,217,3,0.22488171786940803,"['brain disease', 'obsolete impaired renal function disease', 'obesity', 'respiratory syncytial virus infectious disease']"
436,460,3,0.21853364907570577,"['brain disease', 'skin cancer', 'respiratory syncytial virus infectious disease']"
437,81,3,0.21575239245370387,"['atrial fibrillation', 'respiratory syncytial virus infectious disease']"
438,46,3,0.2148408937283179,"['diabetes mellitus', 'obsolete impaired renal function disease']"
439,160,3,0.21396978152514204,"['brain disease', 'cerebrovascular disease', ""Alzheimer's disease""]"
440,428,3,0.21084591301736882,"['diabetes mellitus', 'cerebrovascular disease', 'hypertension', 'respiratory syncytial virus infectious disease']"
441,285,3,0.2088653223515385,"['diabetes mellitus', 'liver cirrhosis', 'prostatic adenoma', 'hypertension']"
442,142,3,0.20692548728958365,"['gastroesophageal reflux disease', 'obesity']"
443,118,3,0.20107761218709505,['Down syndrome']
444,389,3,0.19824605767633321,"['intestinal cancer', 'obsolete impaired renal function disease']"
445,412,3,0.19608643646262233,"['lung disease', 'chronic obstructive pulmonary disease', 'hypertension', 'respiratory syncytial virus infectious disease', 'congestive heart failure']"
446,93,3,0.18635631604693143,"['diabetes mellitus', 'blindness', 'respiratory syncytial virus infectious disease']"
447,96,3,0.1828776783540676,"['lung disease', 'respiratory syncytial virus infectious disease', 'asthma']"
448,407,3,0.1828776783540676,"['degenerative disc disease', 'obesity', 'respiratory syncytial virus infectious disease']"
449,330,3,0.18233687275452365,"['cerebrovascular disease', 'hypertension', ""Alzheimer's disease""]"
450,168,3,0.18041613085963923,"['bile duct cancer', 'respiratory syncytial virus infectious disease']"
451,76,3,0.17945959865458774,"['diabetes mellitus', 'lung disease', 'obesity', 'respiratory syncytial virus infectious disease']"
452,72,3,0.17945227804464717,"['respiratory syncytial virus infectious disease', ""Alzheimer's disease""]"
453,381,3,0.1788237066559966,"['diabetes mellitus', 'stomach disease', 'respiratory syncytial virus infectious disease']"
454,420,3,0.17676084671269898,"['diabetes mellitus', 'respiratory syncytial virus infectious disease', 'frontal sinusitis']"
455,141,3,0.17528022099320043,['plasmacytoma']
456,320,3,0.17325775301276716,"['diabetes mellitus', 'lung disease', 'alcohol use disorder', 'chronic congestive splenomegaly', 'respiratory syncytial virus infectious disease']"
457,176,3,0.17204689338100485,"['cerebrovascular disease', ""Parkinson's disease"", 'respiratory syncytial virus infectious disease', 'congestive heart failure']"
458,55,3,0.16898410508307074,"['prostate cancer', 'respiratory syncytial virus infectious disease']"
459,249,3,0.1614293748410628,"['diabetes mellitus', 'gout', 'hypertension', 'respiratory syncytial virus infectious disease', 'hypothyroidism']"
460,49,3,0.15750548749887922,"['obesity', 'respiratory syncytial virus infectious disease', 'asthma']"
461,153,3,0.15705358457421076,"['diabetes mellitus', 'lipid metabolism disorder']"
462,222,3,0.15326147473042653,"['bronchitis', 'obesity', 'respiratory syncytial virus infectious disease']"
463,337,3,0.14755721071192482,"['obsolete impaired renal function disease', 'hypertension']"
464,245,3,0.1340211803259233,"['brain disease', 'lung disease', 'respiratory syncytial virus infectious disease', 'hypothyroidism']"
